object_id,timestep,labelimage_oid,User Label,Predicted Class,Probability of Plaques,Probability of not plaques,Center of the object_0,Center of the object_1,Size in pixels,Bounding Box Minimum_0,Bounding Box Minimum_1,Bounding Box Maximum_0,Bounding Box Maximum_1
0,0,1,0,Plaques,1.0,0.0,1394.5714,1.8571428,7.0,1393.0,1.0,1397.0,4.0
1,0,2,0,Plaques,1.0,0.0,1176.2,2.6,5.0,1175.0,2.0,1178.0,4.0
2,0,3,0,Plaques,1.0,0.0,1202.0,2.75,4.0,1201.0,2.0,1204.0,4.0
3,0,4,0,Plaques,1.0,0.0,1230.6666,2.6666667,3.0,1230.0,2.0,1232.0,4.0
4,0,5,0,Plaques,1.0,0.0,1279.0,2.5,4.0,1278.0,2.0,1281.0,4.0
5,0,6,0,Plaques,1.0,0.0,1307.2858,2.5714285,7.0,1306.0,2.0,1310.0,4.0
6,0,7,0,Plaques,1.0,0.0,1366.5,2.5,4.0,1366.0,2.0,1368.0,4.0
7,0,8,0,Plaques,1.0,0.0,1388.5,2.5,12.0,1386.0,2.0,1392.0,4.0
8,0,9,0,Plaques,1.0,0.0,1420.8,2.4,5.0,1420.0,2.0,1423.0,4.0
9,0,10,0,Plaques,1.0,0.0,1433.5,2.3333333,6.0,1432.0,2.0,1436.0,4.0
10,0,11,0,Plaques,1.0,0.0,1463.2858,2.5714285,7.0,1462.0,2.0,1466.0,4.0
11,0,12,0,Plaques,1.0,0.0,609.5789,69.8421,19.0,607.0,68.0,613.0,73.0
12,0,13,0,Plaques,1.0,0.0,737.6667,73.333336,3.0,737.0,73.0,739.0,75.0
13,0,14,0,Plaques,1.0,0.0,768.5,76.5,4.0,768.0,76.0,770.0,78.0
14,0,15,0,Plaques,1.0,0.0,763.0,80.625,16.0,761.0,78.0,766.0,84.0
15,0,16,0,Plaques,1.0,0.0,774.3333,78.666664,3.0,774.0,78.0,776.0,80.0
16,0,17,0,Plaques,1.0,0.0,529.9167,82.916664,12.0,528.0,82.0,533.0,85.0
17,0,18,0,Plaques,1.0,0.0,656.2,86.0,10.0,655.0,85.0,659.0,88.0
18,0,19,0,Plaques,1.0,0.0,816.0,102.75,4.0,815.0,102.0,818.0,104.0
19,0,20,0,Plaques,1.0,0.0,827.3333,108.666664,12.0,826.0,107.0,830.0,111.0
20,0,21,0,Plaques,1.0,0.0,799.3333,109.333336,3.0,799.0,109.0,801.0,111.0
21,0,22,0,Plaques,1.0,0.0,796.7,126.3,10.0,795.0,125.0,799.0,129.0
22,0,23,0,Plaques,1.0,0.0,860.0,126.0,5.0,859.0,125.0,862.0,128.0
23,0,24,0,Plaques,1.0,0.0,839.5,130.0,6.0,839.0,129.0,841.0,132.0
24,0,25,0,Plaques,1.0,0.0,852.0,130.71428,7.0,851.0,130.0,854.0,133.0
25,0,26,0,Plaques,1.0,0.0,911.5,130.5,4.0,911.0,130.0,913.0,132.0
26,0,27,0,Plaques,1.0,0.0,805.3333,151.33333,3.0,805.0,151.0,807.0,153.0
27,0,28,0,Plaques,1.0,0.0,944.3333,165.11111,9.0,943.0,164.0,947.0,167.0
28,0,29,0,Plaques,1.0,0.0,1081.8334,167.16667,6.0,1081.0,166.0,1084.0,169.0
29,0,30,0,Plaques,1.0,0.0,946.55554,177.22223,9.0,946.0,175.0,948.0,180.0
30,0,31,0,Plaques,1.0,0.0,1084.5,179.5,4.0,1084.0,179.0,1086.0,181.0
31,0,32,0,Plaques,1.0,0.0,1131.8889,180.33333,9.0,1131.0,179.0,1134.0,183.0
32,0,33,0,Plaques,1.0,0.0,457.875,182.875,8.0,457.0,182.0,460.0,185.0
33,0,34,0,Plaques,1.0,0.0,1123.909,183.36363,11.0,1123.0,182.0,1126.0,186.0
34,0,35,0,Plaques,1.0,0.0,1096.5,184.0,6.0,1096.0,183.0,1098.0,186.0
35,0,36,0,Plaques,1.0,0.0,1090.5,184.5,4.0,1090.0,184.0,1092.0,186.0
36,0,37,0,Plaques,1.0,0.0,1056.125,185.875,8.0,1055.0,185.0,1058.0,188.0
37,0,38,0,Plaques,1.0,0.0,289.5,187.5,4.0,289.0,187.0,291.0,189.0
38,0,39,0,Plaques,1.0,0.0,1152.6666,188.33333,3.0,1152.0,188.0,1154.0,190.0
39,0,40,0,Plaques,1.0,0.0,1103.0,190.28572,7.0,1102.0,189.0,1105.0,192.0
40,0,41,0,Plaques,1.0,0.0,1116.5,191.0,6.0,1116.0,190.0,1118.0,193.0
41,0,42,0,Plaques,1.0,0.0,799.7143,195.0,7.0,799.0,194.0,802.0,197.0
42,0,43,0,Plaques,1.0,0.0,1107.4,195.8,5.0,1107.0,195.0,1109.0,198.0
43,0,44,0,Plaques,1.0,0.0,1174.5,196.0,6.0,1174.0,195.0,1176.0,198.0
44,0,45,0,Plaques,1.0,0.0,1167.909,197.36363,11.0,1167.0,196.0,1170.0,200.0
45,0,46,0,Plaques,1.0,0.0,1186.0,199.2,10.0,1185.0,198.0,1188.0,202.0
46,0,47,0,Plaques,1.0,0.0,1147.875,200.125,8.0,1147.0,199.0,1150.0,202.0
47,0,48,0,Plaques,1.0,0.0,1154.125,208.125,8.0,1153.0,207.0,1156.0,210.0
48,0,49,0,Plaques,1.0,0.0,798.3333,210.11111,9.0,797.0,209.0,801.0,212.0
49,0,50,0,Plaques,1.0,0.0,1178.8334,210.16667,6.0,1178.0,209.0,1181.0,212.0
50,0,51,0,Plaques,1.0,0.0,945.9167,212.33333,12.0,944.0,210.0,948.0,215.0
51,0,52,0,Plaques,1.0,0.0,1509.5,211.0,6.0,1509.0,210.0,1511.0,213.0
52,0,53,0,Plaques,1.0,0.0,1084.1666,212.16667,6.0,1083.0,211.0,1086.0,214.0
53,0,54,0,Plaques,1.0,0.0,831.7857,217.35715,14.0,830.0,216.0,835.0,220.0
54,0,55,0,Plaques,1.0,0.0,817.0,218.25,4.0,816.0,218.0,819.0,220.0
55,0,56,0,Plaques,1.0,0.0,1509.9333,220.66667,15.0,1509.0,218.0,1512.0,224.0
56,0,57,0,Plaques,1.0,0.0,339.0,225.28572,7.0,338.0,224.0,341.0,227.0
57,0,58,0,Plaques,1.0,0.0,472.8,226.6,5.0,472.0,226.0,475.0,228.0
58,0,59,0,Plaques,1.0,0.0,1509.5714,228.28572,7.0,1509.0,227.0,1511.0,231.0
59,0,60,0,Plaques,1.0,0.0,553.0625,231.9375,16.0,551.0,230.0,556.0,235.0
60,0,61,0,Plaques,1.0,0.0,1510.0,237.55556,9.0,1509.0,236.0,1512.0,241.0
61,0,62,0,Plaques,1.0,0.0,825.6389,239.77777,36.0,822.0,238.0,831.0,243.0
62,0,63,0,Plaques,1.0,0.0,1509.25,245.75,8.0,1508.0,244.0,1511.0,248.0
63,0,64,0,Plaques,1.0,0.0,1135.0,251.5,6.0,1134.0,251.0,1137.0,253.0
64,0,65,0,Plaques,1.0,0.0,1509.909,256.9091,11.0,1509.0,252.0,1511.0,262.0
65,0,66,0,Plaques,1.0,0.0,600.5,256.5,4.0,600.0,256.0,602.0,258.0
66,0,67,0,Plaques,1.0,0.0,1121.9412,258.91177,34.0,1119.0,256.0,1127.0,262.0
67,0,68,0,Plaques,1.0,0.0,290.1111,259.33334,9.0,289.0,258.0,292.0,262.0
68,0,69,0,Plaques,1.0,0.0,631.8333,259.5,6.0,631.0,258.0,634.0,262.0
69,0,70,0,Plaques,1.0,0.0,1184.5,260.0,8.0,1183.0,259.0,1187.0,262.0
70,0,71,0,Plaques,1.0,0.0,883.5,265.5,14.0,882.0,264.0,886.0,268.0
71,0,72,0,Plaques,1.0,0.0,1509.5454,266.36365,11.0,1509.0,264.0,1511.0,270.0
72,0,73,0,Plaques,1.0,0.0,228.5,267.0,6.0,228.0,266.0,230.0,269.0
73,0,74,0,Plaques,1.0,0.0,387.2857,269.0,7.0,386.0,268.0,389.0,271.0
74,0,75,0,Plaques,1.0,0.0,1218.4445,269.33334,9.0,1217.0,268.0,1221.0,271.0
75,0,76,0,Plaques,1.0,0.0,214.4,271.06668,15.0,213.0,269.0,217.0,274.0
76,0,77,0,Plaques,1.0,0.0,609.0,271.0,5.0,608.0,270.0,611.0,273.0
77,0,78,0,Plaques,1.0,0.0,424.5,273.5,4.0,424.0,273.0,426.0,275.0
78,0,79,0,Plaques,1.0,0.0,1509.7,274.9,10.0,1509.0,273.0,1512.0,278.0
79,0,80,0,Plaques,1.0,0.0,1238.5,275.0,8.0,1237.0,274.0,1241.0,277.0
80,0,81,0,Plaques,1.0,0.0,579.0,275.7143,7.0,578.0,275.0,581.0,278.0
81,0,82,0,Plaques,1.0,0.0,996.3333,278.66666,3.0,996.0,278.0,998.0,280.0
82,0,83,0,Plaques,1.0,0.0,493.2,279.4,5.0,492.0,279.0,495.0,281.0
83,0,84,0,Plaques,1.0,0.0,1509.75,282.08334,12.0,1509.0,280.0,1512.0,285.0
84,0,85,0,Plaques,1.0,0.0,383.5,284.2857,14.0,382.0,283.0,386.0,287.0
85,0,86,0,Plaques,1.0,0.0,1509.5714,289.2857,7.0,1509.0,288.0,1511.0,292.0
86,0,87,0,Plaques,1.0,0.0,380.33334,295.66666,3.0,380.0,295.0,382.0,297.0
87,0,88,0,Plaques,1.0,0.0,208.5,297.5,4.0,208.0,297.0,210.0,299.0
88,0,89,0,Plaques,1.0,0.0,486.33334,299.66666,3.0,486.0,299.0,488.0,301.0
89,0,90,0,Plaques,1.0,0.0,955.0,302.0,9.0,954.0,301.0,957.0,304.0
90,0,91,0,Plaques,1.0,0.0,954.0909,309.63635,11.0,953.0,308.0,956.0,312.0
91,0,92,0,Plaques,1.0,0.0,869.2857,309.57144,7.0,868.0,309.0,872.0,311.0
92,0,93,0,Plaques,1.0,0.0,361.3889,311.44446,18.0,359.0,310.0,365.0,314.0
93,0,94,0,Plaques,1.0,0.0,645.5455,317.36365,11.0,644.0,316.0,648.0,320.0
94,0,95,0,Plaques,1.0,0.0,879.1,332.3,20.0,877.0,330.0,882.0,335.0
95,0,96,0,Plaques,1.0,0.0,1066.6072,335.2857,28.0,1064.0,333.0,1071.0,339.0
96,0,97,0,Plaques,1.0,0.0,1234.0,334.0,9.0,1233.0,333.0,1236.0,336.0
97,0,98,0,Plaques,1.0,0.0,293.7143,337.0,7.0,293.0,336.0,296.0,339.0
98,0,99,0,Plaques,1.0,0.0,1060.0,338.7143,7.0,1059.0,338.0,1062.0,341.0
99,0,100,0,Plaques,1.0,0.0,1082.8462,348.53845,26.0,1081.0,346.0,1086.0,352.0
100,0,101,0,Plaques,1.0,0.0,181.0,348.0,9.0,179.0,347.0,184.0,350.0
101,0,102,0,Plaques,1.0,0.0,866.9091,349.63635,11.0,866.0,348.0,869.0,352.0
102,0,103,0,Plaques,1.0,0.0,681.5,350.0,10.0,680.0,349.0,684.0,352.0
103,0,104,0,Plaques,1.0,0.0,851.7143,351.0,7.0,851.0,350.0,854.0,353.0
104,0,105,0,Plaques,1.0,0.0,184.5,351.5,4.0,184.0,351.0,186.0,353.0
105,0,106,0,Plaques,1.0,0.0,742.36365,353.9091,11.0,741.0,353.0,745.0,356.0
106,0,107,0,Plaques,1.0,0.0,1214.6666,359.1111,9.0,1213.0,358.0,1217.0,361.0
107,0,108,0,Plaques,1.0,0.0,175.33333,361.33334,3.0,175.0,361.0,177.0,363.0
108,0,109,0,Plaques,1.0,0.0,473.33334,362.33334,3.0,473.0,362.0,475.0,364.0
109,0,110,0,Plaques,1.0,0.0,711.5,362.5,4.0,711.0,362.0,713.0,364.0
110,0,111,0,Plaques,1.0,0.0,966.7826,366.30435,23.0,965.0,364.0,970.0,370.0
111,0,112,0,Plaques,1.0,0.0,170.25,369.0,4.0,170.0,368.0,172.0,371.0
112,0,113,0,Plaques,1.0,0.0,198.8,376.6,5.0,198.0,376.0,201.0,378.0
113,0,114,0,Plaques,1.0,0.0,707.46155,383.15384,13.0,706.0,382.0,710.0,386.0
114,0,115,0,Plaques,1.0,0.0,716.0,385.5,6.0,715.0,385.0,718.0,387.0
115,0,116,0,Plaques,1.0,0.0,858.0,390.8,10.0,857.0,389.0,860.0,393.0
116,0,117,0,Plaques,1.0,0.0,872.125,391.875,8.0,871.0,391.0,874.0,394.0
117,0,118,0,Plaques,1.0,0.0,883.5,392.0,6.0,883.0,391.0,885.0,394.0
118,0,119,0,Plaques,1.0,0.0,391.0,394.0,9.0,390.0,393.0,393.0,396.0
119,0,120,0,Plaques,1.0,0.0,858.3333,399.66666,3.0,858.0,399.0,860.0,401.0
120,0,121,0,Plaques,1.0,0.0,1208.9117,408.32352,34.0,1207.0,405.0,1212.0,413.0
121,0,122,0,Plaques,1.0,0.0,1175.125,422.3125,16.0,1173.0,420.0,1178.0,425.0
122,0,123,0,Plaques,1.0,0.0,363.5,425.5,4.0,363.0,425.0,365.0,427.0
123,0,124,0,Plaques,1.0,0.0,1008.0,427.2,10.0,1007.0,426.0,1010.0,430.0
124,0,125,0,Plaques,1.0,0.0,749.6667,438.66666,3.0,749.0,438.0,751.0,440.0
125,0,126,0,Plaques,1.0,0.0,951.1667,440.83334,6.0,950.0,440.0,953.0,443.0
126,0,127,0,Plaques,1.0,0.0,136.4,450.6,15.0,135.0,449.0,139.0,453.0
127,0,128,0,Plaques,1.0,0.0,260.8,454.4,5.0,260.0,454.0,263.0,456.0
128,0,129,0,Plaques,1.0,0.0,1028.5,455.5,12.0,1027.0,454.0,1031.0,458.0
129,0,130,0,Plaques,1.0,0.0,1099.5,455.0,12.0,1098.0,454.0,1102.0,457.0
130,0,131,0,Plaques,1.0,0.0,858.6667,456.33334,3.0,858.0,456.0,860.0,458.0
131,0,132,0,Plaques,1.0,0.0,385.25,461.05,20.0,383.0,459.0,388.0,464.0
132,0,133,0,Plaques,1.0,0.0,804.0,463.83334,6.0,803.0,463.0,806.0,466.0
133,0,134,0,Plaques,1.0,0.0,972.1667,464.16666,6.0,971.0,463.0,974.0,466.0
134,0,135,0,Plaques,1.0,0.0,198.5,465.5,4.0,198.0,465.0,200.0,467.0
135,0,136,0,Plaques,1.0,0.0,765.0,466.0,11.0,763.0,465.0,768.0,468.0
136,0,137,0,Plaques,1.0,0.0,379.3846,470.3846,13.0,378.0,469.0,382.0,473.0
137,0,138,0,Plaques,1.0,0.0,1493.5,469.5,4.0,1493.0,469.0,1495.0,471.0
138,0,139,0,Plaques,1.0,0.0,1234.0,470.25,4.0,1233.0,470.0,1236.0,472.0
139,0,140,0,Plaques,1.0,0.0,145.09091,474.36365,11.0,144.0,473.0,147.0,477.0
140,0,141,0,Plaques,1.0,0.0,453.0,476.8,10.0,452.0,475.0,455.0,479.0
141,0,142,0,Plaques,1.0,0.0,1500.5,475.5,4.0,1500.0,475.0,1502.0,477.0
142,0,143,0,Plaques,1.0,0.0,330.16666,478.83334,6.0,329.0,478.0,332.0,481.0
143,0,144,0,Plaques,1.0,0.0,1228.6154,482.6154,13.0,1227.0,481.0,1231.0,485.0
144,0,145,0,Plaques,1.0,0.0,1260.5,485.5,16.0,1259.0,484.0,1263.0,488.0
145,0,146,0,Plaques,1.0,0.0,908.13794,493.5862,29.0,905.0,491.0,912.0,497.0
146,0,147,0,Plaques,1.0,0.0,853.8333,493.0,6.0,853.0,492.0,856.0,495.0
147,0,148,0,Plaques,1.0,0.0,495.5,493.5,4.0,495.0,493.0,497.0,495.0
148,0,149,0,Plaques,1.0,0.0,139.0,495.5,6.0,138.0,495.0,141.0,497.0
149,0,150,0,Plaques,1.0,0.0,862.5,499.5,4.0,862.0,499.0,864.0,501.0
150,0,151,0,Plaques,1.0,0.0,689.1667,500.83334,6.0,688.0,500.0,691.0,503.0
151,0,152,0,Plaques,1.0,0.0,472.0,501.7143,7.0,471.0,501.0,474.0,504.0
152,0,153,0,Plaques,1.0,0.0,1453.3334,501.66666,3.0,1453.0,501.0,1455.0,503.0
153,0,154,0,Plaques,1.0,0.0,503.5,504.5,4.0,503.0,504.0,505.0,506.0
154,0,155,0,Plaques,1.0,0.0,517.5,505.5,4.0,517.0,505.0,519.0,507.0
155,0,156,0,Plaques,1.0,0.0,305.0,506.5,6.0,304.0,506.0,307.0,508.0
156,0,157,0,Plaques,1.0,0.0,964.0,507.0,9.0,963.0,506.0,966.0,509.0
157,0,158,0,Plaques,1.0,0.0,1446.25,508.0,4.0,1446.0,507.0,1448.0,510.0
158,0,159,0,Plaques,1.0,0.0,470.0,508.7143,7.0,469.0,508.0,472.0,511.0
159,0,160,0,Plaques,1.0,0.0,1450.4445,509.33334,9.0,1449.0,508.0,1453.0,511.0
160,0,161,0,Plaques,1.0,0.0,623.3333,509.66666,3.0,623.0,509.0,625.0,511.0
161,0,162,0,Plaques,1.0,0.0,924.3333,509.33334,3.0,924.0,509.0,926.0,511.0
162,0,163,0,Plaques,1.0,0.0,408.54544,514.63635,11.0,407.0,513.0,411.0,517.0
163,0,164,0,Plaques,1.0,0.0,1444.8,514.6,5.0,1444.0,514.0,1447.0,516.0
164,0,165,0,Plaques,1.0,0.0,1452.5,517.0,6.0,1452.0,516.0,1454.0,519.0
165,0,166,0,Plaques,1.0,0.0,956.0,517.5,6.0,955.0,517.0,958.0,519.0
166,0,167,0,Plaques,1.0,0.0,871.5,519.5,4.0,871.0,519.0,873.0,521.0
167,0,168,0,Plaques,1.0,0.0,547.6667,521.3333,3.0,547.0,521.0,549.0,523.0
168,0,169,0,Plaques,1.0,0.0,1492.8,521.6,5.0,1492.0,521.0,1495.0,523.0
169,0,170,0,Plaques,1.0,0.0,644.0,523.5,6.0,643.0,523.0,646.0,525.0
170,0,171,0,Plaques,1.0,0.0,261.33334,527.6667,3.0,261.0,527.0,263.0,529.0
171,0,172,0,Plaques,1.0,0.0,566.2,528.4,5.0,565.0,528.0,568.0,530.0
172,0,173,0,Plaques,1.0,0.0,1440.5,528.5,4.0,1440.0,528.0,1442.0,530.0
173,0,174,0,Plaques,1.0,0.0,1026.6666,530.6667,3.0,1026.0,530.0,1028.0,532.0
174,0,175,0,Plaques,1.0,0.0,280.66666,533.3333,3.0,280.0,533.0,282.0,535.0
175,0,176,0,Plaques,1.0,0.0,1437.3334,535.6667,3.0,1437.0,535.0,1439.0,537.0
176,0,177,0,Plaques,1.0,0.0,796.2857,537.0,7.0,795.0,536.0,798.0,539.0
177,0,178,0,Plaques,1.0,0.0,148.2,537.4,5.0,147.0,537.0,150.0,539.0
178,0,179,0,Plaques,1.0,0.0,401.0,537.0,3.0,400.0,537.0,403.0,538.0
179,0,180,0,Plaques,1.0,0.0,646.0,538.0,7.0,645.0,537.0,648.0,540.0
180,0,181,0,Plaques,1.0,0.0,1472.25,538.0,4.0,1472.0,537.0,1474.0,540.0
181,0,182,0,Plaques,1.0,0.0,378.0,539.0,9.0,377.0,538.0,380.0,541.0
182,0,183,0,Plaques,1.0,0.0,137.8,540.5,10.0,137.0,539.0,140.0,543.0
183,0,184,0,Plaques,1.0,0.0,834.0,541.0,9.0,833.0,540.0,836.0,543.0
184,0,185,0,Plaques,1.0,0.0,650.3333,543.6667,3.0,650.0,543.0,652.0,545.0
185,0,186,0,Plaques,1.0,0.0,429.22223,546.44446,9.0,427.0,546.0,432.0,548.0
186,0,187,0,Plaques,1.0,0.0,1432.5,547.5,4.0,1432.0,547.0,1434.0,549.0
187,0,188,0,Plaques,1.0,0.0,1007.0,550.5,6.0,1006.0,550.0,1009.0,552.0
188,0,189,0,Plaques,1.0,0.0,1029.5,550.5,4.0,1029.0,550.0,1031.0,552.0
189,0,190,0,Plaques,1.0,0.0,1160.0,551.0,9.0,1159.0,550.0,1162.0,553.0
190,0,191,0,Plaques,1.0,0.0,237.875,551.875,8.0,237.0,551.0,240.0,554.0
191,0,192,0,Plaques,1.0,0.0,1149.1666,552.1667,6.0,1148.0,551.0,1151.0,554.0
192,0,193,0,Plaques,1.0,0.0,377.0,555.2857,7.0,376.0,554.0,379.0,557.0
193,0,194,0,Plaques,1.0,0.0,1173.0,555.2,10.0,1172.0,554.0,1175.0,558.0
194,0,195,0,Plaques,1.0,0.0,1233.0,556.5,26.0,1231.0,554.0,1236.0,560.0
195,0,196,0,Plaques,1.0,0.0,825.5,560.5,4.0,825.0,560.0,827.0,562.0
196,0,197,0,Plaques,1.0,0.0,1178.0,564.2857,7.0,1177.0,563.0,1180.0,566.0
197,0,198,0,Plaques,1.0,0.0,902.5,569.0,8.0,901.0,568.0,905.0,571.0
198,0,199,0,Plaques,1.0,0.0,915.8889,569.6667,9.0,915.0,568.0,918.0,572.0
199,0,200,0,Plaques,1.0,0.0,802.3333,572.875,24.0,800.0,571.0,806.0,576.0
200,0,201,0,Plaques,1.0,0.0,1014.4545,573.63635,11.0,1013.0,572.0,1017.0,576.0
201,0,202,0,Plaques,1.0,0.0,1445.0,574.0,7.0,1444.0,573.0,1447.0,576.0
202,0,203,0,Plaques,1.0,0.0,724.2,575.4,5.0,723.0,575.0,726.0,577.0
203,0,204,0,Plaques,1.0,0.0,893.8,576.6,5.0,893.0,576.0,896.0,578.0
204,0,205,0,Plaques,1.0,0.0,852.0,578.5,6.0,851.0,578.0,854.0,580.0
205,0,206,0,Plaques,1.0,0.0,958.5,578.5,4.0,958.0,578.0,960.0,580.0
206,0,207,0,Plaques,1.0,0.0,945.4545,584.1818,11.0,944.0,583.0,948.0,587.0
207,0,208,0,Plaques,1.0,0.0,999.8333,586.8333,6.0,999.0,586.0,1002.0,589.0
208,0,209,0,Plaques,1.0,0.0,971.3333,591.8889,9.0,970.0,591.0,974.0,594.0
209,0,210,0,Plaques,1.0,0.0,1032.5,591.5,4.0,1032.0,591.0,1034.0,593.0
210,0,211,0,Plaques,1.0,0.0,716.94116,595.41174,17.0,715.0,594.0,720.0,598.0
211,0,212,0,Plaques,1.0,0.0,1035.3334,594.3333,3.0,1035.0,594.0,1037.0,596.0
212,0,213,0,Plaques,1.0,0.0,1051.0,604.0,9.0,1050.0,603.0,1053.0,606.0
213,0,214,0,Plaques,1.0,0.0,1504.2858,605.0,7.0,1503.0,604.0,1506.0,607.0
214,0,215,0,Plaques,1.0,0.0,918.8,607.4,5.0,918.0,607.0,921.0,609.0
215,0,216,0,Plaques,1.0,0.0,1485.2,611.4,5.0,1484.0,611.0,1487.0,613.0
216,0,217,0,Plaques,1.0,0.0,844.6667,613.1111,9.0,843.0,612.0,847.0,615.0
217,0,218,0,Plaques,1.0,0.0,911.7143,613.0,7.0,911.0,612.0,914.0,615.0
218,0,219,0,Plaques,1.0,0.0,1455.5,613.5,4.0,1455.0,613.0,1457.0,615.0
219,0,220,0,Plaques,1.0,0.0,1498.8823,614.58826,17.0,1497.0,613.0,1502.0,617.0
220,0,221,0,Plaques,1.0,0.0,1461.5,615.5,4.0,1461.0,615.0,1463.0,617.0
221,0,222,0,Plaques,1.0,0.0,850.6667,617.3333,3.0,850.0,617.0,852.0,619.0
222,0,223,0,Plaques,1.0,0.0,997.5,619.5,4.0,997.0,619.0,999.0,621.0
223,0,224,0,Plaques,1.0,0.0,482.0,622.5,6.0,481.0,622.0,484.0,624.0
224,0,225,0,Plaques,1.0,0.0,545.3333,625.3333,3.0,545.0,625.0,547.0,627.0
225,0,226,0,Plaques,1.0,0.0,787.8333,625.8333,6.0,787.0,625.0,790.0,628.0
226,0,227,0,Plaques,1.0,0.0,867.5,627.5,4.0,867.0,627.0,869.0,629.0
227,0,228,0,Plaques,1.0,0.0,593.7143,632.0,7.0,593.0,631.0,596.0,634.0
228,0,229,0,Plaques,1.0,0.0,616.2857,632.5714,7.0,615.0,632.0,619.0,634.0
229,0,230,0,Plaques,1.0,0.0,684.5,634.5,4.0,684.0,634.0,686.0,636.0
230,0,231,0,Plaques,1.0,0.0,1499.4166,635.25,12.0,1498.0,634.0,1502.0,638.0
231,0,232,0,Plaques,1.0,0.0,1022.6667,635.3333,3.0,1022.0,635.0,1024.0,637.0
232,0,233,0,Plaques,1.0,0.0,1511.0,635.75,4.0,1510.0,635.0,1513.0,637.0
233,0,234,0,Plaques,1.0,0.0,2.5,638.0,6.0,2.0,637.0,4.0,640.0
234,0,235,0,Plaques,1.0,0.0,424.33334,646.6667,3.0,424.0,646.0,426.0,648.0
235,0,236,0,Plaques,1.0,0.0,986.2857,647.0,7.0,985.0,646.0,988.0,649.0
236,0,237,0,Plaques,1.0,0.0,1175.6666,647.6667,3.0,1175.0,647.0,1177.0,649.0
237,0,238,0,Plaques,1.0,0.0,1056.0476,652.619,21.0,1054.0,650.0,1059.0,656.0
238,0,239,0,Plaques,1.0,0.0,1504.0,650.5,6.0,1503.0,650.0,1506.0,652.0
239,0,240,0,Plaques,1.0,0.0,893.7143,652.5,14.0,892.0,651.0,896.0,655.0
240,0,241,0,Plaques,1.0,0.0,1192.5,651.5,4.0,1192.0,651.0,1194.0,653.0
241,0,242,0,Plaques,1.0,0.0,1033.0,658.5,10.0,1032.0,657.0,1035.0,661.0
242,0,243,0,Plaques,1.0,0.0,906.2857,660.0,7.0,905.0,659.0,908.0,662.0
243,0,244,0,Plaques,1.0,0.0,604.4,664.8,5.0,604.0,664.0,606.0,667.0
244,0,245,0,Plaques,1.0,0.0,810.5,667.5,4.0,810.0,667.0,812.0,669.0
245,0,246,0,Plaques,1.0,0.0,1486.2858,668.0,7.0,1485.0,667.0,1488.0,670.0
246,0,247,0,Plaques,1.0,0.0,590.3333,669.75,12.0,589.0,668.0,593.0,672.0
247,0,248,0,Plaques,1.0,0.0,912.6667,669.3333,3.0,912.0,669.0,914.0,671.0
248,0,249,0,Plaques,1.0,0.0,329.2857,672.4286,7.0,328.0,672.0,332.0,674.0
249,0,250,0,Plaques,1.0,0.0,992.0,673.0,9.0,991.0,672.0,994.0,675.0
250,0,251,0,Plaques,1.0,0.0,362.7143,679.0,7.0,362.0,678.0,365.0,681.0
251,0,252,0,Plaques,1.0,0.0,239.5,681.5,4.0,239.0,681.0,241.0,683.0
252,0,253,0,Plaques,1.0,0.0,729.5,682.0,6.0,729.0,681.0,731.0,684.0
253,0,254,0,Plaques,1.0,0.0,1033.0,681.5,6.0,1032.0,681.0,1035.0,683.0
254,0,255,0,Plaques,1.0,0.0,393.0,683.5,6.0,392.0,683.0,395.0,685.0
255,0,256,0,Plaques,1.0,0.0,882.0,684.0,13.0,880.0,683.0,885.0,686.0
256,0,257,0,Plaques,1.0,0.0,899.1667,684.1667,6.0,898.0,683.0,901.0,686.0
257,0,258,0,Plaques,1.0,0.0,1042.0,684.0,7.0,1041.0,683.0,1044.0,686.0
258,0,259,0,Plaques,1.0,0.0,282.0,685.25,4.0,281.0,685.0,284.0,687.0
259,0,260,0,Plaques,1.0,0.0,874.1111,688.6667,9.0,873.0,687.0,876.0,691.0
260,0,261,0,Plaques,1.0,0.0,917.0,692.0,7.0,916.0,691.0,919.0,694.0
261,0,262,0,Plaques,1.0,0.0,1126.6666,692.3333,12.0,1125.0,691.0,1129.0,695.0
262,0,263,0,Plaques,1.0,0.0,1046.0,694.0,7.0,1045.0,693.0,1048.0,696.0
263,0,264,0,Plaques,1.0,0.0,407.5,696.0,6.0,407.0,695.0,409.0,698.0
264,0,265,0,Plaques,1.0,0.0,1024.0,696.5,10.0,1023.0,695.0,1026.0,699.0
265,0,266,0,Plaques,1.0,0.0,2.2307692,699.9231,13.0,2.0,696.0,4.0,706.0
266,0,267,0,Plaques,1.0,0.0,402.75,697.0,4.0,402.0,696.0,404.0,699.0
267,0,268,0,Plaques,1.0,0.0,860.4815,699.4815,27.0,858.0,697.0,864.0,703.0
268,0,269,0,Plaques,1.0,0.0,587.2857,699.0,7.0,586.0,698.0,589.0,701.0
269,0,270,0,Plaques,1.0,0.0,257.66666,699.3333,3.0,257.0,699.0,259.0,701.0
270,0,271,0,Plaques,1.0,0.0,590.875,702.875,8.0,590.0,702.0,593.0,705.0
271,0,272,0,Plaques,1.0,0.0,816.0,702.75,4.0,815.0,702.0,818.0,704.0
272,0,273,0,Plaques,1.0,0.0,1080.125,703.875,8.0,1079.0,703.0,1082.0,706.0
273,0,274,0,Plaques,1.0,0.0,845.3333,704.6667,3.0,845.0,704.0,847.0,706.0
274,0,275,0,Plaques,1.0,0.0,1501.5,708.5,4.0,1501.0,708.0,1503.0,710.0
275,0,276,0,Plaques,1.0,0.0,787.0,710.5,6.0,786.0,710.0,789.0,712.0
276,0,277,0,Plaques,1.0,0.0,897.5,711.5,4.0,897.0,711.0,899.0,713.0
277,0,278,0,Plaques,1.0,0.0,1487.6,713.06665,15.0,1486.0,711.0,1490.0,716.0
278,0,279,0,Plaques,1.0,0.0,334.875,714.125,8.0,334.0,713.0,337.0,716.0
279,0,280,0,Plaques,1.0,0.0,349.33334,713.3333,3.0,349.0,713.0,351.0,715.0
280,0,281,0,Plaques,1.0,0.0,364.5,713.5,4.0,364.0,713.0,366.0,715.0
281,0,282,0,Plaques,1.0,0.0,1025.091,714.36365,11.0,1024.0,713.0,1027.0,717.0
282,0,283,0,Plaques,1.0,0.0,1496.5,713.5,4.0,1496.0,713.0,1498.0,715.0
283,0,284,0,Plaques,1.0,0.0,104.25,715.0,4.0,104.0,714.0,106.0,717.0
284,0,285,0,Plaques,1.0,0.0,1474.2858,715.0,7.0,1473.0,714.0,1476.0,717.0
285,0,286,0,Plaques,1.0,0.0,380.5,716.5,4.0,380.0,716.0,382.0,718.0
286,0,287,0,Plaques,1.0,0.0,561.0,717.0,5.0,560.0,716.0,563.0,719.0
287,0,288,0,Plaques,1.0,0.0,375.16666,718.8333,6.0,374.0,718.0,377.0,721.0
288,0,289,0,Plaques,1.0,0.0,772.0,719.2857,7.0,771.0,718.0,774.0,721.0
289,0,290,0,Plaques,1.0,0.0,222.5,719.5,4.0,222.0,719.0,224.0,721.0
290,0,291,0,Plaques,1.0,0.0,1500.5,720.5,4.0,1500.0,720.0,1502.0,722.0
291,0,292,0,Plaques,1.0,0.0,862.875,722.125,8.0,862.0,721.0,865.0,724.0
292,0,293,0,Plaques,1.0,0.0,1071.0,725.1579,19.0,1069.0,723.0,1074.0,728.0
293,0,294,0,Plaques,1.0,0.0,1497.5,724.5,4.0,1497.0,724.0,1499.0,726.0
294,0,295,0,Plaques,1.0,0.0,167.16667,725.8333,6.0,166.0,725.0,169.0,728.0
295,0,296,0,Plaques,1.0,0.0,458.33334,726.3333,3.0,458.0,726.0,460.0,728.0
296,0,297,0,Plaques,1.0,0.0,2.3333333,727.6667,3.0,2.0,727.0,4.0,729.0
297,0,298,0,Plaques,1.0,0.0,1091.7142,728.1429,7.0,1091.0,727.0,1094.0,730.0
298,0,299,0,Plaques,1.0,0.0,254.16667,731.1667,6.0,253.0,730.0,256.0,733.0
299,0,300,0,Plaques,1.0,0.0,1471.5,731.0,6.0,1471.0,730.0,1473.0,733.0
300,0,301,0,Plaques,1.0,0.0,2.4,732.8,5.0,2.0,732.0,4.0,735.0
301,0,302,0,Plaques,1.0,0.0,952.6667,732.6667,3.0,952.0,732.0,954.0,734.0
302,0,303,0,Plaques,1.0,0.0,462.5,735.2,10.0,461.0,734.0,465.0,737.0
303,0,304,0,Plaques,1.0,0.0,1072.5,736.0,6.0,1072.0,735.0,1074.0,738.0
304,0,305,0,Plaques,1.0,0.0,1485.5,736.5,4.0,1485.0,736.0,1487.0,738.0
305,0,306,0,Plaques,1.0,0.0,114.0,737.0,3.0,113.0,737.0,116.0,738.0
306,0,307,0,Plaques,1.0,0.0,960.6923,741.0,26.0,958.0,738.0,964.0,745.0
307,0,308,0,Plaques,1.0,0.0,824.2,739.4,5.0,823.0,739.0,826.0,741.0
308,0,309,0,Plaques,1.0,0.0,1276.5,739.5,4.0,1276.0,739.0,1278.0,741.0
309,0,310,0,Plaques,1.0,0.0,142.5,741.5,4.0,142.0,741.0,144.0,743.0
310,0,311,0,Plaques,1.0,0.0,165.5,741.5,4.0,165.0,741.0,167.0,743.0
311,0,312,0,Plaques,1.0,0.0,1109.8889,742.3333,9.0,1109.0,741.0,1112.0,745.0
312,0,313,0,Plaques,1.0,0.0,1119.3667,744.26666,30.0,1115.0,742.0,1124.0,748.0
313,0,314,0,Plaques,1.0,0.0,113.0,744.5,6.0,112.0,744.0,115.0,746.0
314,0,315,0,Plaques,1.0,0.0,147.5,748.5,14.0,146.0,747.0,150.0,751.0
315,0,316,0,Plaques,1.0,0.0,942.1177,748.58826,17.0,940.0,747.0,945.0,751.0
316,0,317,0,Plaques,1.0,0.0,1069.25,749.8333,12.0,1068.0,748.0,1072.0,753.0
317,0,318,0,Plaques,1.0,0.0,1492.5,748.5,4.0,1492.0,748.0,1494.0,750.0
318,0,319,0,Plaques,1.0,0.0,190.16667,750.0,12.0,188.0,749.0,193.0,752.0
319,0,320,0,Plaques,1.0,0.0,472.33334,750.1111,9.0,471.0,749.0,475.0,752.0
320,0,321,0,Plaques,1.0,0.0,122.0,751.0,5.0,121.0,750.0,124.0,753.0
321,0,322,0,Plaques,1.0,0.0,716.0,752.5,10.0,715.0,751.0,718.0,755.0
322,0,323,0,Plaques,1.0,0.0,198.16667,753.8333,6.0,197.0,753.0,200.0,756.0
323,0,324,0,Plaques,1.0,0.0,1216.5,754.0,12.0,1215.0,753.0,1219.0,756.0
324,0,325,0,Plaques,1.0,0.0,1366.0,754.5,8.0,1365.0,753.0,1368.0,757.0
325,0,326,0,Plaques,1.0,0.0,689.0,755.5,8.0,688.0,754.0,691.0,758.0
326,0,327,0,Plaques,1.0,0.0,1323.5333,757.6667,15.0,1322.0,756.0,1326.0,761.0
327,0,328,0,Plaques,1.0,0.0,1211.875,759.6667,24.0,1210.0,757.0,1215.0,763.0
328,0,329,0,Plaques,1.0,0.0,139.33333,758.6667,3.0,139.0,758.0,141.0,760.0
329,0,330,0,Plaques,1.0,0.0,952.13336,760.13336,15.0,950.0,758.0,955.0,763.0
330,0,331,0,Plaques,1.0,0.0,1373.3334,760.6667,3.0,1373.0,760.0,1375.0,762.0
331,0,332,0,Plaques,1.0,0.0,422.33334,761.3333,3.0,422.0,761.0,424.0,763.0
332,0,333,0,Plaques,1.0,0.0,788.5,762.5,4.0,788.0,762.0,790.0,764.0
333,0,334,0,Plaques,1.0,0.0,981.0,766.0,9.0,980.0,765.0,983.0,768.0
334,0,335,0,Plaques,1.0,0.0,581.38464,768.61536,13.0,580.0,767.0,584.0,771.0
335,0,336,0,Plaques,1.0,0.0,993.5,767.5,4.0,993.0,767.0,995.0,769.0
336,0,337,0,Plaques,1.0,0.0,1087.4,768.2,5.0,1087.0,767.0,1089.0,770.0
337,0,338,0,Plaques,1.0,0.0,263.06668,772.6,15.0,261.0,771.0,266.0,775.0
338,0,339,0,Plaques,1.0,0.0,1368.5,771.5,4.0,1368.0,771.0,1370.0,773.0
339,0,340,0,Plaques,1.0,0.0,670.1667,773.8333,6.0,669.0,773.0,672.0,776.0
340,0,341,0,Plaques,1.0,0.0,1251.875,774.125,8.0,1251.0,773.0,1254.0,776.0
341,0,342,0,Plaques,1.0,0.0,997.1667,774.8333,12.0,995.0,774.0,1000.0,777.0
342,0,343,0,Plaques,1.0,0.0,1197.3636,776.13635,22.0,1195.0,774.0,1200.0,780.0
343,0,344,0,Plaques,1.0,0.0,1372.25,775.0,4.0,1372.0,774.0,1374.0,777.0
344,0,345,0,Plaques,1.0,0.0,581.125,775.875,8.0,580.0,775.0,583.0,778.0
345,0,346,0,Plaques,1.0,0.0,161.83333,777.0,6.0,161.0,776.0,164.0,779.0
346,0,347,0,Plaques,1.0,0.0,155.6,779.2,5.0,155.0,778.0,157.0,781.0
347,0,348,0,Plaques,1.0,0.0,1345.2,779.0,10.0,1344.0,778.0,1348.0,781.0
348,0,349,0,Plaques,1.0,0.0,1296.5,779.5,4.0,1296.0,779.0,1298.0,781.0
349,0,350,0,Plaques,1.0,0.0,1202.125,781.875,8.0,1201.0,781.0,1204.0,784.0
350,0,351,0,Plaques,1.0,0.0,1375.5,781.5,4.0,1375.0,781.0,1377.0,783.0
351,0,352,0,Plaques,1.0,0.0,158.75,783.0,4.0,158.0,782.0,160.0,785.0
352,0,353,0,Plaques,1.0,0.0,1041.0,786.2857,7.0,1040.0,785.0,1043.0,788.0
353,0,354,0,Plaques,1.0,0.0,985.7143,787.0,7.0,985.0,786.0,988.0,789.0
354,0,355,0,Plaques,1.0,0.0,516.6,787.8,5.0,516.0,787.0,518.0,790.0
355,0,356,0,Plaques,1.0,0.0,1253.0,788.7143,7.0,1252.0,788.0,1255.0,791.0
356,0,357,0,Plaques,1.0,0.0,1289.8182,790.1818,11.0,1288.0,789.0,1292.0,793.0
357,0,358,0,Plaques,1.0,0.0,87.4,791.8,5.0,87.0,791.0,89.0,794.0
358,0,359,0,Plaques,1.0,0.0,1376.5,791.5,4.0,1376.0,791.0,1378.0,793.0
359,0,360,0,Plaques,1.0,0.0,1002.125,794.125,8.0,1001.0,793.0,1004.0,796.0
360,0,361,0,Plaques,1.0,0.0,1213.3846,794.38464,13.0,1212.0,793.0,1216.0,797.0
361,0,362,0,Plaques,1.0,0.0,1099.2307,797.11536,26.0,1097.0,794.0,1102.0,801.0
362,0,363,0,Plaques,1.0,0.0,1352.0,795.5,6.0,1351.0,795.0,1354.0,797.0
363,0,364,0,Plaques,1.0,0.0,92.0,797.5,12.0,91.0,796.0,94.0,800.0
364,0,365,0,Plaques,1.0,0.0,1205.5,797.0,8.0,1204.0,796.0,1208.0,799.0
365,0,366,0,Plaques,1.0,0.0,147.5,797.5,4.0,147.0,797.0,149.0,799.0
366,0,367,0,Plaques,1.0,0.0,1207.8,801.6,5.0,1207.0,801.0,1210.0,803.0
367,0,368,0,Plaques,1.0,0.0,1038.5714,805.1429,21.0,1036.0,803.0,1042.0,809.0
368,0,369,0,Plaques,1.0,0.0,334.5,809.0,6.0,334.0,808.0,336.0,811.0
369,0,370,0,Plaques,1.0,0.0,1369.3334,808.6667,3.0,1369.0,808.0,1371.0,810.0
370,0,371,0,Plaques,1.0,0.0,1199.5,810.0,6.0,1199.0,809.0,1201.0,812.0
371,0,372,0,Plaques,1.0,0.0,365.66666,810.3333,3.0,365.0,810.0,367.0,812.0
372,0,373,0,Plaques,1.0,0.0,1368.8889,813.6667,9.0,1368.0,812.0,1371.0,816.0
373,0,374,0,Plaques,1.0,0.0,267.33334,813.6667,3.0,267.0,813.0,269.0,815.0
374,0,375,0,Plaques,1.0,0.0,1207.2307,814.1539,13.0,1205.0,813.0,1210.0,816.0
375,0,376,0,Plaques,1.0,0.0,156.5,815.7143,14.0,155.0,814.0,159.0,818.0
376,0,377,0,Plaques,1.0,0.0,144.25,816.0,4.0,144.0,815.0,146.0,818.0
377,0,378,0,Plaques,1.0,0.0,1092.3334,815.3333,3.0,1092.0,815.0,1094.0,817.0
378,0,379,0,Plaques,1.0,0.0,1313.5,818.0,18.0,1312.0,816.0,1316.0,821.0
379,0,380,0,Plaques,1.0,0.0,1342.6,817.4,15.0,1341.0,816.0,1345.0,820.0
380,0,381,0,Plaques,1.0,0.0,152.28572,820.0,7.0,151.0,819.0,154.0,822.0
381,0,382,0,Plaques,1.0,0.0,1250.8462,824.0,13.0,1250.0,822.0,1253.0,827.0
382,0,383,0,Plaques,1.0,0.0,153.83333,825.8333,6.0,153.0,825.0,156.0,828.0
383,0,384,0,Plaques,1.0,0.0,1198.125,827.125,8.0,1197.0,826.0,1200.0,829.0
384,0,385,0,Plaques,1.0,0.0,143.2,829.6,5.0,142.0,829.0,145.0,831.0
385,0,386,0,Plaques,1.0,0.0,829.25,834.0,4.0,829.0,833.0,831.0,836.0
386,0,387,0,Plaques,1.0,0.0,1038.8,833.6,5.0,1038.0,833.0,1041.0,835.0
387,0,388,0,Plaques,1.0,0.0,1361.0,833.7143,7.0,1360.0,833.0,1363.0,836.0
388,0,389,0,Plaques,1.0,0.0,1043.0,837.2857,7.0,1042.0,836.0,1045.0,839.0
389,0,390,0,Plaques,1.0,0.0,1046.25,843.625,16.0,1044.0,842.0,1049.0,846.0
390,0,391,0,Plaques,1.0,0.0,1106.6666,843.3333,3.0,1106.0,843.0,1108.0,845.0
391,0,392,0,Plaques,1.0,0.0,1272.1666,846.1667,6.0,1271.0,845.0,1274.0,848.0
392,0,393,0,Plaques,1.0,0.0,246.5,846.5,4.0,246.0,846.0,248.0,848.0
393,0,394,0,Plaques,1.0,0.0,1251.5,846.5,4.0,1251.0,846.0,1253.0,848.0
394,0,395,0,Plaques,1.0,0.0,1367.1666,849.1667,6.0,1366.0,848.0,1369.0,851.0
395,0,396,0,Plaques,1.0,0.0,164.66667,849.6667,3.0,164.0,849.0,166.0,851.0
396,0,397,0,Plaques,1.0,0.0,1354.5,851.5,4.0,1354.0,851.0,1356.0,853.0
397,0,398,0,Plaques,1.0,0.0,1108.0,852.7143,7.0,1107.0,852.0,1110.0,855.0
398,0,399,0,Plaques,1.0,0.0,426.83334,854.1667,6.0,426.0,853.0,429.0,856.0
399,0,400,0,Plaques,1.0,0.0,191.66667,855.6667,3.0,191.0,855.0,193.0,857.0
400,0,401,0,Plaques,1.0,0.0,1355.4117,857.1177,17.0,1354.0,855.0,1358.0,860.0
401,0,402,0,Plaques,1.0,0.0,1072.5,858.5,4.0,1072.0,858.0,1074.0,860.0
402,0,403,0,Plaques,1.0,0.0,1349.0,859.8,10.0,1348.0,858.0,1351.0,862.0
403,0,404,0,Plaques,1.0,0.0,1370.125,862.125,8.0,1369.0,861.0,1372.0,864.0
404,0,405,0,Plaques,1.0,0.0,1275.2354,865.05884,17.0,1274.0,863.0,1278.0,868.0
405,0,406,0,Plaques,1.0,0.0,1087.0,865.75,4.0,1086.0,865.0,1089.0,867.0
406,0,407,0,Plaques,1.0,0.0,1355.3846,872.38464,13.0,1354.0,871.0,1358.0,875.0
407,0,408,0,Plaques,1.0,0.0,1002.0,875.0,11.0,1000.0,874.0,1005.0,877.0
408,0,409,0,Plaques,1.0,0.0,1237.75,876.75,24.0,1235.0,874.0,1242.0,880.0
409,0,410,0,Plaques,1.0,0.0,1062.875,878.125,8.0,1062.0,877.0,1065.0,880.0
410,0,411,0,Plaques,1.0,0.0,1362.0,878.7143,7.0,1361.0,878.0,1364.0,881.0
411,0,412,0,Plaques,1.0,0.0,1006.8,879.4,5.0,1006.0,879.0,1009.0,881.0
412,0,413,0,Plaques,1.0,0.0,1215.75,880.5833,12.0,1214.0,879.0,1218.0,883.0
413,0,414,0,Plaques,1.0,0.0,1365.25,881.5,8.0,1364.0,880.0,1367.0,884.0
414,0,415,0,Plaques,1.0,0.0,1373.0,885.2857,7.0,1372.0,884.0,1375.0,887.0
415,0,416,0,Plaques,1.0,0.0,171.0,886.2857,7.0,170.0,885.0,173.0,888.0
416,0,417,0,Plaques,1.0,0.0,1021.5,886.0,6.0,1021.0,885.0,1023.0,888.0
417,0,418,0,Plaques,1.0,0.0,1217.6666,886.75,12.0,1216.0,885.0,1220.0,889.0
418,0,419,0,Plaques,1.0,0.0,1222.5,892.5,4.0,1222.0,892.0,1224.0,894.0
419,0,420,0,Plaques,1.0,0.0,1030.3334,894.3333,3.0,1030.0,894.0,1032.0,896.0
420,0,421,0,Plaques,1.0,0.0,1371.4,900.75,20.0,1370.0,898.0,1374.0,904.0
421,0,422,0,Plaques,1.0,0.0,569.1429,901.2857,21.0,566.0,900.0,573.0,904.0
422,0,423,0,Plaques,1.0,0.0,1342.5834,901.25,12.0,1341.0,900.0,1345.0,904.0
423,0,424,0,Plaques,1.0,0.0,1253.6154,902.38464,13.0,1252.0,901.0,1256.0,905.0
424,0,425,0,Plaques,1.0,0.0,1358.5,904.5,4.0,1358.0,904.0,1360.0,906.0
425,0,426,0,Plaques,1.0,0.0,1381.6,905.8,5.0,1381.0,905.0,1383.0,908.0
426,0,427,0,Plaques,1.0,0.0,470.5,910.0,6.0,470.0,909.0,472.0,912.0
427,0,428,0,Plaques,1.0,0.0,1237.5,910.0,6.0,1237.0,909.0,1239.0,912.0
428,0,429,0,Plaques,1.0,0.0,1358.8,913.2,15.0,1357.0,911.0,1362.0,916.0
429,0,430,0,Plaques,1.0,0.0,1026.125,912.875,8.0,1025.0,912.0,1028.0,915.0
430,0,431,0,Plaques,1.0,0.0,29.5,913.5,4.0,29.0,913.0,31.0,915.0
431,0,432,0,Plaques,1.0,0.0,1211.875,917.875,8.0,1211.0,917.0,1214.0,920.0
432,0,433,0,Plaques,1.0,0.0,1307.0,918.5,6.0,1306.0,918.0,1309.0,920.0
433,0,434,0,Plaques,1.0,0.0,1354.909,920.0909,22.0,1353.0,918.0,1358.0,923.0
434,0,435,0,Plaques,1.0,0.0,330.33334,920.3333,3.0,330.0,920.0,332.0,922.0
435,0,436,0,Plaques,1.0,0.0,1283.5,921.0,4.0,1283.0,920.0,1285.0,923.0
436,0,437,0,Plaques,1.0,0.0,1206.5,927.8333,12.0,1205.0,926.0,1209.0,931.0
437,0,438,0,Plaques,1.0,0.0,1226.5,929.0,10.0,1225.0,928.0,1229.0,931.0
438,0,439,0,Plaques,1.0,0.0,1196.0,931.5,10.0,1195.0,930.0,1198.0,934.0
439,0,440,0,Plaques,1.0,0.0,202.0,933.8,10.0,201.0,932.0,204.0,936.0
440,0,441,0,Plaques,1.0,0.0,1064.0,932.7143,7.0,1063.0,932.0,1066.0,935.0
441,0,442,0,Plaques,1.0,0.0,1366.5,934.2857,14.0,1365.0,933.0,1369.0,937.0
442,0,443,0,Plaques,1.0,0.0,73.0,935.5,6.0,72.0,935.0,75.0,937.0
443,0,444,0,Plaques,1.0,0.0,1335.1111,937.3333,9.0,1334.0,936.0,1337.0,940.0
444,0,445,0,Plaques,1.0,0.0,497.2857,938.5,14.0,496.0,937.0,500.0,941.0
445,0,446,0,Plaques,1.0,0.0,1241.3334,940.44446,9.0,1240.0,939.0,1243.0,943.0
446,0,447,0,Plaques,1.0,0.0,1370.0667,943.6,15.0,1368.0,942.0,1373.0,946.0
447,0,448,0,Plaques,1.0,0.0,1232.5,945.2857,14.0,1231.0,944.0,1235.0,948.0
448,0,449,0,Plaques,1.0,0.0,1334.3334,944.3333,3.0,1334.0,944.0,1336.0,946.0
449,0,450,0,Plaques,1.0,0.0,763.67346,948.7959,49.0,760.0,945.0,768.0,954.0
450,0,451,0,Plaques,1.0,0.0,72.666664,949.3333,3.0,72.0,949.0,74.0,951.0
451,0,452,0,Plaques,1.0,0.0,387.875,949.875,8.0,387.0,949.0,390.0,952.0
452,0,453,0,Plaques,1.0,0.0,215.5,952.5,4.0,215.0,952.0,217.0,954.0
453,0,454,0,Plaques,1.0,0.0,1176.5217,954.8261,23.0,1173.0,952.0,1181.0,958.0
454,0,455,0,Plaques,1.0,0.0,68.5,955.5,14.0,67.0,954.0,71.0,958.0
455,0,456,0,Plaques,1.0,0.0,602.0,957.0,21.0,600.0,955.0,605.0,960.0
456,0,457,0,Plaques,1.0,0.0,1388.75,957.0,4.0,1388.0,956.0,1390.0,959.0
457,0,458,0,Plaques,1.0,0.0,1349.25,960.8333,24.0,1347.0,958.0,1352.0,965.0
458,0,459,0,Plaques,1.0,0.0,1383.0,961.5,6.0,1382.0,961.0,1385.0,963.0
459,0,460,0,Plaques,1.0,0.0,1391.5,961.5,4.0,1391.0,961.0,1393.0,963.0
460,0,461,0,Plaques,1.0,0.0,60.0,963.0,7.0,59.0,962.0,62.0,965.0
461,0,462,0,Plaques,1.0,0.0,1224.6364,963.0909,11.0,1223.0,962.0,1227.0,965.0
462,0,463,0,Plaques,1.0,0.0,606.5,963.5,4.0,606.0,963.0,608.0,965.0
463,0,464,0,Plaques,1.0,0.0,728.0,966.0,5.0,727.0,965.0,730.0,968.0
464,0,465,0,Plaques,1.0,0.0,1220.0,966.0,7.0,1219.0,965.0,1222.0,968.0
465,0,466,0,Plaques,1.0,0.0,1231.5,966.0,8.0,1230.0,965.0,1234.0,968.0
466,0,467,0,Plaques,1.0,0.0,71.111115,967.3333,9.0,70.0,966.0,73.0,970.0
467,0,468,0,Plaques,1.0,0.0,222.0,967.0,5.0,221.0,966.0,224.0,969.0
468,0,469,0,Plaques,1.0,0.0,1399.5,967.5,4.0,1399.0,967.0,1401.0,969.0
469,0,470,0,Plaques,1.0,0.0,105.545456,973.36365,11.0,104.0,972.0,108.0,976.0
470,0,471,0,Plaques,1.0,0.0,240.91667,973.8333,12.0,240.0,972.0,243.0,977.0
471,0,472,0,Plaques,1.0,0.0,1299.875,973.875,8.0,1299.0,973.0,1302.0,976.0
472,0,473,0,Plaques,1.0,0.0,189.75,977.0,4.0,189.0,976.0,191.0,979.0
473,0,474,0,Plaques,1.0,0.0,2.25,979.0,4.0,2.0,978.0,4.0,981.0
474,0,475,0,Plaques,1.0,0.0,1319.5,978.5,4.0,1319.0,978.0,1321.0,980.0
475,0,476,0,Plaques,1.0,0.0,76.125,980.875,8.0,75.0,980.0,78.0,983.0
476,0,477,0,Plaques,1.0,0.0,1193.0,982.2857,7.0,1192.0,981.0,1195.0,984.0
477,0,478,0,Plaques,1.0,0.0,1325.5,982.5,4.0,1325.0,982.0,1327.0,984.0
478,0,479,0,Plaques,1.0,0.0,188.4,984.2,5.0,188.0,983.0,190.0,986.0
479,0,480,0,Plaques,1.0,0.0,1358.0,983.75,4.0,1357.0,983.0,1360.0,985.0
480,0,481,0,Plaques,1.0,0.0,1393.2858,984.0,7.0,1392.0,983.0,1395.0,986.0
481,0,482,0,Plaques,1.0,0.0,182.33333,985.3333,3.0,182.0,985.0,184.0,987.0
482,0,483,0,Plaques,1.0,0.0,374.5,989.5,4.0,374.0,989.0,376.0,991.0
483,0,484,0,Plaques,1.0,0.0,1381.5,989.5,4.0,1381.0,989.0,1383.0,991.0
484,0,485,0,Plaques,1.0,0.0,188.5,990.5,4.0,188.0,990.0,190.0,992.0
485,0,486,0,Plaques,1.0,0.0,199.6,991.2,5.0,199.0,990.0,201.0,993.0
486,0,487,0,Plaques,1.0,0.0,227.0,998.0,7.0,226.0,997.0,229.0,1000.0
487,0,488,0,Plaques,1.0,0.0,165.4,999.2,5.0,165.0,998.0,167.0,1001.0
488,0,489,0,Plaques,1.0,0.0,214.0,999.0,9.0,213.0,998.0,216.0,1001.0
489,0,490,0,Plaques,1.0,0.0,173.5,999.5,4.0,173.0,999.0,175.0,1001.0
490,0,491,0,Plaques,1.0,0.0,2.4285715,1001.2857,7.0,2.0,1000.0,4.0,1004.0
491,0,492,0,Plaques,1.0,0.0,160.0,1000.75,4.0,159.0,1000.0,162.0,1002.0
492,0,493,0,Plaques,1.0,0.0,191.66667,1001.3333,3.0,191.0,1001.0,193.0,1003.0
493,0,494,0,Plaques,1.0,0.0,1375.2858,1003.0,7.0,1374.0,1002.0,1377.0,1005.0
494,0,495,0,Plaques,1.0,0.0,1393.125,1002.875,8.0,1392.0,1002.0,1395.0,1005.0
495,0,496,0,Plaques,1.0,0.0,950.1111,1004.3333,9.0,949.0,1003.0,952.0,1007.0
496,0,497,0,Plaques,1.0,0.0,1124.8334,1004.1667,6.0,1124.0,1003.0,1127.0,1006.0
497,0,498,0,Plaques,1.0,0.0,1380.4,1004.2,5.0,1380.0,1003.0,1382.0,1006.0
498,0,499,0,Plaques,1.0,0.0,368.4,1006.2,5.0,368.0,1005.0,370.0,1008.0
499,0,500,0,Plaques,1.0,0.0,1267.5,1005.5,4.0,1267.0,1005.0,1269.0,1007.0
500,0,501,0,Plaques,1.0,0.0,174.0,1008.2857,7.0,173.0,1007.0,176.0,1010.0
501,0,502,0,Plaques,1.0,0.0,73.71429,1009.0,7.0,73.0,1008.0,76.0,1011.0
502,0,503,0,Plaques,1.0,0.0,1372.6666,1008.3333,3.0,1372.0,1008.0,1374.0,1010.0
503,0,504,0,Plaques,1.0,0.0,1332.3334,1009.6667,3.0,1332.0,1009.0,1334.0,1011.0
504,0,505,0,Plaques,1.0,0.0,2.5,1012.0,8.0,2.0,1010.0,4.0,1015.0
505,0,506,0,Plaques,1.0,0.0,1356.421,1015.4211,19.0,1355.0,1013.0,1359.0,1019.0
506,0,507,0,Plaques,1.0,0.0,171.5,1018.5,6.0,170.0,1018.0,174.0,1020.0
507,0,508,0,Plaques,1.0,0.0,1288.421,1024.0526,19.0,1287.0,1022.0,1291.0,1029.0
508,0,509,0,Plaques,1.0,0.0,1281.4,1024.2,5.0,1281.0,1023.0,1283.0,1026.0
509,0,510,0,Plaques,1.0,0.0,332.66666,1025.6666,3.0,332.0,1025.0,334.0,1027.0
510,0,511,0,Plaques,1.0,0.0,2.5,1027.5,6.0,2.0,1026.0,4.0,1030.0
511,0,512,0,Plaques,1.0,0.0,168.5,1026.5,4.0,168.0,1026.0,170.0,1028.0
512,0,513,0,Plaques,1.0,0.0,1379.0,1028.0,9.0,1378.0,1027.0,1381.0,1030.0
513,0,514,0,Plaques,1.0,0.0,673.5,1030.5,4.0,673.0,1030.0,675.0,1032.0
514,0,515,0,Plaques,1.0,0.0,252.875,1031.875,8.0,252.0,1031.0,255.0,1034.0
515,0,516,0,Plaques,1.0,0.0,1280.8823,1035.0,17.0,1279.0,1033.0,1284.0,1038.0
516,0,517,0,Plaques,1.0,0.0,1241.5,1035.5,4.0,1241.0,1035.0,1243.0,1037.0
517,0,518,0,Plaques,1.0,0.0,1384.7142,1036.0,7.0,1384.0,1035.0,1387.0,1038.0
518,0,519,0,Plaques,1.0,0.0,2.3333333,1036.3334,3.0,2.0,1036.0,4.0,1038.0
519,0,520,0,Plaques,1.0,0.0,1342.6154,1037.3846,13.0,1341.0,1036.0,1345.0,1040.0
520,0,521,0,Plaques,1.0,0.0,268.5,1038.0,6.0,268.0,1037.0,270.0,1040.0
521,0,522,0,Plaques,1.0,0.0,1392.6666,1040.3334,3.0,1392.0,1040.0,1394.0,1042.0
522,0,523,0,Plaques,1.0,0.0,2.2,1045.2,5.0,2.0,1044.0,4.0,1048.0
523,0,524,0,Plaques,1.0,0.0,531.3333,1044.6666,3.0,531.0,1044.0,533.0,1046.0
524,0,525,0,Plaques,1.0,0.0,766.0,1044.5,6.0,765.0,1044.0,768.0,1046.0
525,0,526,0,Plaques,1.0,0.0,1382.4,1044.8,5.0,1382.0,1044.0,1384.0,1047.0
526,0,527,0,Plaques,1.0,0.0,244.0,1045.7142,7.0,243.0,1045.0,246.0,1048.0
527,0,528,0,Plaques,1.0,0.0,1385.5,1048.5,4.0,1385.0,1048.0,1387.0,1050.0
528,0,529,0,Plaques,1.0,0.0,308.33334,1051.8889,9.0,307.0,1051.0,311.0,1054.0
529,0,530,0,Plaques,1.0,0.0,1204.0,1052.0,9.0,1203.0,1051.0,1206.0,1054.0
530,0,531,0,Plaques,1.0,0.0,1256.8334,1051.8334,6.0,1256.0,1051.0,1259.0,1054.0
531,0,532,0,Plaques,1.0,0.0,1187.5,1053.0,10.0,1186.0,1052.0,1190.0,1055.0
532,0,533,0,Plaques,1.0,0.0,1341.8889,1053.3334,9.0,1341.0,1052.0,1344.0,1056.0
533,0,534,0,Plaques,1.0,0.0,876.0,1056.0,9.0,875.0,1055.0,878.0,1058.0
534,0,535,0,Plaques,1.0,0.0,1290.0,1056.0,9.0,1289.0,1055.0,1292.0,1058.0
535,0,536,0,Plaques,1.0,0.0,1331.5,1057.5,4.0,1331.0,1057.0,1333.0,1059.0
536,0,537,0,Plaques,1.0,0.0,1374.091,1058.6364,11.0,1373.0,1057.0,1376.0,1061.0
537,0,538,0,Plaques,1.0,0.0,2.25,1062.625,16.0,1.0,1058.0,4.0,1068.0
538,0,539,0,Plaques,1.0,0.0,290.0,1060.5,8.0,289.0,1059.0,292.0,1063.0
539,0,540,0,Plaques,1.0,0.0,858.875,1060.875,8.0,858.0,1060.0,861.0,1063.0
540,0,541,0,Plaques,1.0,0.0,1328.0,1062.2858,7.0,1327.0,1061.0,1330.0,1064.0
541,0,542,0,Plaques,1.0,0.0,1358.5,1062.5,4.0,1358.0,1062.0,1360.0,1064.0
542,0,543,0,Plaques,1.0,0.0,1235.5,1064.5,4.0,1235.0,1064.0,1237.0,1066.0
543,0,544,0,Plaques,1.0,0.0,1142.125,1066.125,8.0,1141.0,1065.0,1144.0,1068.0
544,0,545,0,Plaques,1.0,0.0,641.5,1067.0,6.0,641.0,1066.0,643.0,1069.0
545,0,546,0,Plaques,1.0,0.0,1344.3334,1066.3334,3.0,1344.0,1066.0,1346.0,1068.0
546,0,547,0,Plaques,1.0,0.0,1354.091,1067.6364,11.0,1353.0,1066.0,1356.0,1070.0
547,0,548,0,Plaques,1.0,0.0,516.6667,1069.2667,15.0,515.0,1068.0,520.0,1072.0
548,0,549,0,Plaques,1.0,0.0,1377.8334,1069.1666,6.0,1377.0,1068.0,1380.0,1071.0
549,0,550,0,Plaques,1.0,0.0,992.0,1073.0,9.0,991.0,1072.0,994.0,1075.0
550,0,551,0,Plaques,1.0,0.0,1397.75,1073.0,4.0,1397.0,1072.0,1399.0,1075.0
551,0,552,0,Plaques,1.0,0.0,318.8,1073.6,5.0,318.0,1073.0,321.0,1075.0
552,0,553,0,Plaques,1.0,0.0,854.5,1074.0,6.0,854.0,1073.0,856.0,1076.0
553,0,554,0,Plaques,1.0,0.0,1290.875,1074.125,8.0,1290.0,1073.0,1293.0,1076.0
554,0,555,0,Plaques,1.0,0.0,249.11111,1075.2222,9.0,248.0,1074.0,252.0,1077.0
555,0,556,0,Plaques,1.0,0.0,1140.0,1074.7142,7.0,1139.0,1074.0,1142.0,1077.0
556,0,557,0,Plaques,1.0,0.0,262.0,1076.0,9.0,261.0,1075.0,264.0,1078.0
557,0,558,0,Plaques,1.0,0.0,1173.6923,1079.9231,26.0,1171.0,1078.0,1178.0,1083.0
558,0,559,0,Plaques,1.0,0.0,802.0,1080.0,5.0,801.0,1079.0,804.0,1082.0
559,0,560,0,Plaques,1.0,0.0,1280.0,1080.0,9.0,1279.0,1079.0,1282.0,1082.0
560,0,561,0,Plaques,1.0,0.0,239.8,1080.4,5.0,239.0,1080.0,242.0,1082.0
561,0,562,0,Plaques,1.0,0.0,1212.875,1081.125,8.0,1212.0,1080.0,1215.0,1083.0
562,0,563,0,Plaques,1.0,0.0,1231.5,1088.5,4.0,1231.0,1088.0,1233.0,1090.0
563,0,564,0,Plaques,1.0,0.0,1131.5,1089.5,4.0,1131.0,1089.0,1133.0,1091.0
564,0,565,0,Plaques,1.0,0.0,1185.2858,1090.0,7.0,1184.0,1089.0,1187.0,1092.0
565,0,566,0,Plaques,1.0,0.0,605.5,1092.5,4.0,605.0,1092.0,607.0,1094.0
566,0,567,0,Plaques,1.0,0.0,1259.6666,1095.6666,3.0,1259.0,1095.0,1261.0,1097.0
567,0,568,0,Plaques,1.0,0.0,1331.0,1096.5,6.0,1330.0,1096.0,1333.0,1098.0
568,0,569,0,Plaques,1.0,0.0,1081.0,1097.7142,7.0,1080.0,1097.0,1083.0,1100.0
569,0,570,0,Plaques,1.0,0.0,1363.5,1097.5,4.0,1363.0,1097.0,1365.0,1099.0
570,0,571,0,Plaques,1.0,0.0,1270.5,1099.0,6.0,1270.0,1098.0,1272.0,1101.0
571,0,572,0,Plaques,1.0,0.0,1103.5,1100.5,4.0,1103.0,1100.0,1105.0,1102.0
572,0,573,0,Plaques,1.0,0.0,264.8,1102.5,10.0,264.0,1101.0,267.0,1105.0
573,0,574,0,Plaques,1.0,0.0,1261.5,1102.0,6.0,1261.0,1101.0,1263.0,1104.0
574,0,575,0,Plaques,1.0,0.0,2.642857,1108.3572,14.0,2.0,1104.0,4.0,1113.0
575,0,576,0,Plaques,1.0,0.0,881.5,1105.5,4.0,881.0,1105.0,883.0,1107.0
576,0,577,0,Plaques,1.0,0.0,1276.0,1105.7142,7.0,1275.0,1105.0,1278.0,1108.0
577,0,578,0,Plaques,1.0,0.0,1283.1666,1106.1666,6.0,1282.0,1105.0,1285.0,1108.0
578,0,579,0,Plaques,1.0,0.0,1326.3334,1109.6666,3.0,1326.0,1109.0,1328.0,1111.0
579,0,580,0,Plaques,1.0,0.0,1260.5,1112.5,4.0,1260.0,1112.0,1262.0,1114.0
580,0,581,0,Plaques,1.0,0.0,1251.0,1114.25,4.0,1250.0,1114.0,1253.0,1116.0
581,0,582,0,Plaques,1.0,0.0,1268.3572,1117.2142,14.0,1267.0,1115.0,1271.0,1120.0
582,0,583,0,Plaques,1.0,0.0,1281.125,1115.875,8.0,1280.0,1115.0,1283.0,1118.0
583,0,584,0,Plaques,1.0,0.0,1046.75,1118.0,4.0,1046.0,1117.0,1048.0,1120.0
584,0,585,0,Plaques,1.0,0.0,1143.3334,1118.1111,9.0,1142.0,1117.0,1146.0,1120.0
585,0,586,0,Plaques,1.0,0.0,1272.3334,1117.6666,3.0,1272.0,1117.0,1274.0,1119.0
586,0,587,0,Plaques,1.0,0.0,631.0,1120.0,5.0,630.0,1119.0,633.0,1122.0
587,0,588,0,Plaques,1.0,0.0,1233.6,1120.2,5.0,1233.0,1119.0,1235.0,1122.0
588,0,589,0,Plaques,1.0,0.0,1306.2,1119.6,5.0,1305.0,1119.0,1308.0,1121.0
589,0,590,0,Plaques,1.0,0.0,2.5,1123.5,10.0,2.0,1121.0,4.0,1127.0
590,0,591,0,Plaques,1.0,0.0,1195.0,1123.0,9.0,1194.0,1122.0,1197.0,1125.0
591,0,592,0,Plaques,1.0,0.0,1164.25,1124.5834,12.0,1162.0,1123.0,1167.0,1127.0
592,0,593,0,Plaques,1.0,0.0,1095.5,1126.5,4.0,1095.0,1126.0,1097.0,1128.0
593,0,594,0,Plaques,1.0,0.0,478.5,1127.5,4.0,478.0,1127.0,480.0,1129.0
594,0,595,0,Plaques,1.0,0.0,504.0,1128.0,5.0,503.0,1127.0,506.0,1130.0
595,0,596,0,Plaques,1.0,0.0,535.6667,1129.6666,3.0,535.0,1129.0,537.0,1131.0
596,0,597,0,Plaques,1.0,0.0,1177.1818,1130.1818,11.0,1176.0,1129.0,1180.0,1133.0
597,0,598,0,Plaques,1.0,0.0,1351.0,1130.7142,7.0,1350.0,1130.0,1353.0,1133.0
598,0,599,0,Plaques,1.0,0.0,751.0,1131.75,4.0,750.0,1131.0,753.0,1133.0
599,0,600,0,Plaques,1.0,0.0,1215.0,1132.5,8.0,1214.0,1131.0,1217.0,1135.0
600,0,601,0,Plaques,1.0,0.0,2.5,1135.0,6.0,2.0,1134.0,4.0,1137.0
601,0,602,0,Plaques,1.0,0.0,1111.5,1134.5,4.0,1111.0,1134.0,1113.0,1136.0
602,0,603,0,Plaques,1.0,0.0,1161.5,1135.0,12.0,1160.0,1134.0,1164.0,1137.0
603,0,604,0,Plaques,1.0,0.0,1090.9333,1136.7333,15.0,1089.0,1135.0,1094.0,1139.0
604,0,605,0,Plaques,1.0,0.0,1182.9,1139.95,20.0,1181.0,1138.0,1186.0,1143.0
605,0,606,0,Plaques,1.0,0.0,1195.5,1138.5,4.0,1195.0,1138.0,1197.0,1140.0
606,0,607,0,Plaques,1.0,0.0,2.4285715,1140.7142,7.0,2.0,1139.0,4.0,1143.0
607,0,608,0,Plaques,1.0,0.0,1177.1111,1143.3334,9.0,1176.0,1142.0,1179.0,1146.0
608,0,609,0,Plaques,1.0,0.0,1261.2,1144.4,5.0,1260.0,1144.0,1263.0,1146.0
609,0,610,0,Plaques,1.0,0.0,1269.5,1146.0,6.0,1269.0,1145.0,1271.0,1148.0
610,0,611,0,Plaques,1.0,0.0,1116.5,1148.0,6.0,1116.0,1147.0,1118.0,1150.0
611,0,612,0,Plaques,1.0,0.0,1153.5,1149.0,6.0,1153.0,1148.0,1155.0,1151.0
612,0,613,0,Plaques,1.0,0.0,1258.1578,1149.8422,19.0,1256.0,1148.0,1261.0,1153.0
613,0,614,0,Plaques,1.0,0.0,1197.5454,1150.6364,11.0,1196.0,1149.0,1200.0,1153.0
614,0,615,0,Plaques,1.0,0.0,1126.8889,1151.3334,9.0,1126.0,1150.0,1129.0,1154.0
615,0,616,0,Plaques,1.0,0.0,1223.875,1152.125,8.0,1223.0,1151.0,1226.0,1154.0
616,0,617,0,Plaques,1.0,0.0,909.3333,1153.6666,3.0,909.0,1153.0,911.0,1155.0
617,0,618,0,Plaques,1.0,0.0,1159.1666,1154.1666,6.0,1158.0,1153.0,1161.0,1156.0
618,0,619,0,Plaques,1.0,0.0,1054.5,1154.5,4.0,1054.0,1154.0,1056.0,1156.0
619,0,620,0,Plaques,1.0,0.0,1252.875,1155.125,8.0,1252.0,1154.0,1255.0,1157.0
620,0,621,0,Plaques,1.0,0.0,1130.7333,1157.9,30.0,1128.0,1155.0,1134.0,1161.0
621,0,622,0,Plaques,1.0,0.0,1068.875,1157.875,8.0,1068.0,1157.0,1071.0,1160.0
622,0,623,0,Plaques,1.0,0.0,1217.75,1158.95,20.0,1216.0,1157.0,1221.0,1162.0
623,0,624,0,Plaques,1.0,0.0,1272.5,1158.5,4.0,1272.0,1158.0,1274.0,1160.0
624,0,625,0,Plaques,1.0,0.0,1160.0,1161.2,10.0,1159.0,1160.0,1162.0,1164.0
625,0,626,0,Plaques,1.0,0.0,1135.6666,1163.0,9.0,1134.0,1162.0,1138.0,1165.0
626,0,627,0,Plaques,1.0,0.0,1220.6957,1168.6957,23.0,1218.0,1166.0,1224.0,1172.0
627,0,628,0,Plaques,1.0,0.0,2.25,1171.0,4.0,2.0,1170.0,4.0,1173.0
628,0,629,0,Plaques,1.0,0.0,1139.3334,1173.1666,6.0,1138.0,1172.0,1141.0,1176.0
629,0,630,0,Plaques,1.0,0.0,1156.0,1176.0,9.0,1155.0,1175.0,1158.0,1178.0
630,0,631,0,Plaques,1.0,0.0,1377.0264,1177.5264,38.0,1374.0,1175.0,1381.0,1182.0
631,0,632,0,Plaques,1.0,0.0,1108.875,1177.125,8.0,1108.0,1176.0,1111.0,1179.0
632,0,633,0,Plaques,1.0,0.0,445.5,1177.5,4.0,445.0,1177.0,447.0,1179.0
633,0,634,0,Plaques,1.0,0.0,1168.8334,1182.8334,6.0,1168.0,1182.0,1171.0,1185.0
634,0,635,0,Plaques,1.0,0.0,1143.5,1189.5,4.0,1143.0,1189.0,1145.0,1191.0
635,0,636,0,Plaques,1.0,0.0,1058.5,1192.5,4.0,1058.0,1192.0,1060.0,1194.0
636,0,637,0,Plaques,1.0,0.0,1105.0,1193.0,5.0,1104.0,1192.0,1107.0,1195.0
637,0,638,0,Plaques,1.0,0.0,1376.125,1194.5,16.0,1375.0,1192.0,1378.0,1198.0
638,0,639,0,Plaques,1.0,0.0,1387.4,1192.8,5.0,1387.0,1192.0,1389.0,1195.0
639,0,640,0,Plaques,1.0,0.0,2.5,1195.5,12.0,2.0,1193.0,4.0,1199.0
640,0,641,0,Plaques,1.0,0.0,1050.2,1196.5,10.0,1049.0,1195.0,1052.0,1199.0
641,0,642,0,Plaques,1.0,0.0,1299.2858,1197.0,7.0,1298.0,1196.0,1301.0,1199.0
642,0,643,0,Plaques,1.0,0.0,1371.3846,1197.6154,13.0,1370.0,1196.0,1374.0,1200.0
643,0,644,0,Plaques,1.0,0.0,1136.5,1198.5,4.0,1136.0,1198.0,1138.0,1200.0
644,0,645,0,Plaques,1.0,0.0,1106.5,1199.5,4.0,1106.0,1199.0,1108.0,1201.0
645,0,646,0,Plaques,1.0,0.0,1332.6666,1202.6666,3.0,1332.0,1202.0,1334.0,1204.0
646,0,647,0,Plaques,1.0,0.0,2.5,1205.5,10.0,2.0,1203.0,4.0,1209.0
647,0,648,0,Plaques,1.0,0.0,1324.25,1206.0,4.0,1324.0,1205.0,1326.0,1208.0
648,0,649,0,Plaques,1.0,0.0,1368.125,1207.875,8.0,1367.0,1207.0,1370.0,1210.0
649,0,650,0,Plaques,1.0,0.0,1044.6666,1208.6666,3.0,1044.0,1208.0,1046.0,1210.0
650,0,651,0,Plaques,1.0,0.0,1388.5,1213.0,8.0,1387.0,1212.0,1391.0,1215.0
651,0,652,0,Plaques,1.0,0.0,1336.0,1213.7142,7.0,1335.0,1213.0,1338.0,1216.0
652,0,653,0,Plaques,1.0,0.0,2.125,1218.625,8.0,2.0,1216.0,4.0,1223.0
653,0,654,0,Plaques,1.0,0.0,1048.2,1221.4,5.0,1047.0,1221.0,1050.0,1223.0
654,0,655,0,Plaques,1.0,0.0,2.0,1226.0,3.0,2.0,1225.0,3.0,1228.0
655,0,656,0,Plaques,1.0,0.0,1189.8889,1226.4445,9.0,1189.0,1225.0,1192.0,1229.0
656,0,657,0,Plaques,1.0,0.0,2.45,1234.85,20.0,2.0,1230.0,4.0,1242.0
657,0,658,0,Plaques,1.0,0.0,878.5,1232.0,8.0,877.0,1231.0,881.0,1234.0
658,0,659,0,Plaques,1.0,0.0,957.5,1232.5,4.0,957.0,1232.0,959.0,1234.0
659,0,660,0,Plaques,1.0,0.0,984.5,1233.0,6.0,984.0,1232.0,986.0,1235.0
660,0,661,0,Plaques,1.0,0.0,1321.6666,1232.6666,3.0,1321.0,1232.0,1323.0,1234.0
661,0,662,0,Plaques,1.0,0.0,1122.4,1234.8,5.0,1122.0,1234.0,1124.0,1237.0
662,0,663,0,Plaques,1.0,0.0,1238.75,1235.0,4.0,1238.0,1234.0,1240.0,1237.0
663,0,664,0,Plaques,1.0,0.0,1318.5,1235.5,4.0,1318.0,1235.0,1320.0,1237.0
664,0,665,0,Plaques,1.0,0.0,1118.1666,1238.8334,6.0,1117.0,1238.0,1120.0,1241.0
665,0,666,0,Plaques,1.0,0.0,921.8333,1240.8334,6.0,921.0,1240.0,924.0,1243.0
666,0,667,0,Plaques,1.0,0.0,967.5,1240.5,4.0,967.0,1240.0,969.0,1242.0
667,0,668,0,Plaques,1.0,0.0,714.63635,1242.909,11.0,713.0,1242.0,717.0,1245.0
668,0,669,0,Plaques,1.0,0.0,1215.5,1243.5,4.0,1215.0,1243.0,1217.0,1245.0
669,0,670,0,Plaques,1.0,0.0,949.0,1245.0,5.0,948.0,1244.0,951.0,1247.0
670,0,671,0,Plaques,1.0,0.0,1075.5,1245.5,4.0,1075.0,1245.0,1077.0,1247.0
671,0,672,0,Plaques,1.0,0.0,868.6,1249.2,5.0,868.0,1248.0,870.0,1251.0
672,0,673,0,Plaques,1.0,0.0,1235.75,1251.05,20.0,1234.0,1249.0,1239.0,1254.0
673,0,674,0,Plaques,1.0,0.0,638.5,1251.0,12.0,637.0,1250.0,641.0,1253.0
674,0,675,0,Plaques,1.0,0.0,747.1111,1253.6666,9.0,746.0,1252.0,749.0,1256.0
675,0,676,0,Plaques,1.0,0.0,1089.8,1253.6,5.0,1089.0,1253.0,1092.0,1255.0
676,0,677,0,Plaques,1.0,0.0,583.3571,1255.7858,14.0,582.0,1254.0,586.0,1259.0
677,0,678,0,Plaques,1.0,0.0,635.38464,1255.3846,13.0,634.0,1254.0,638.0,1258.0
678,0,679,0,Plaques,1.0,0.0,2.375,1257.375,8.0,2.0,1255.0,4.0,1260.0
679,0,680,0,Plaques,1.0,0.0,1093.6666,1255.3334,3.0,1093.0,1255.0,1095.0,1257.0
680,0,681,0,Plaques,1.0,0.0,511.34616,1261.3846,26.0,509.0,1259.0,515.0,1265.0
681,0,682,0,Plaques,1.0,0.0,2.4,1266.6,5.0,2.0,1265.0,4.0,1269.0
682,0,683,0,Plaques,1.0,0.0,417.8,1265.4,5.0,417.0,1265.0,420.0,1267.0
683,0,684,0,Plaques,1.0,0.0,1001.0,1268.0,5.0,1000.0,1267.0,1003.0,1270.0
684,0,685,0,Plaques,1.0,0.0,1180.6428,1271.8572,14.0,1179.0,1270.0,1183.0,1275.0
685,0,686,0,Plaques,1.0,0.0,1159.375,1274.1875,16.0,1158.0,1272.0,1162.0,1277.0
686,0,687,0,Plaques,1.0,0.0,1504.25,1273.0,4.0,1504.0,1272.0,1506.0,1275.0
687,0,688,0,Plaques,1.0,0.0,729.6,1274.2,5.0,729.0,1273.0,731.0,1276.0
688,0,689,0,Plaques,1.0,0.0,633.55554,1274.6666,9.0,632.0,1274.0,636.0,1277.0
689,0,690,0,Plaques,1.0,0.0,1358.4,1274.8,5.0,1358.0,1274.0,1360.0,1277.0
690,0,691,0,Plaques,1.0,0.0,1190.5,1275.5,4.0,1190.0,1275.0,1192.0,1277.0
691,0,692,0,Plaques,1.0,0.0,1178.5,1276.5,4.0,1178.0,1276.0,1180.0,1278.0
692,0,693,0,Plaques,1.0,0.0,1185.8462,1278.5385,13.0,1184.0,1277.0,1188.0,1281.0
693,0,694,0,Plaques,1.0,0.0,1202.3636,1278.4546,11.0,1200.0,1277.0,1205.0,1281.0
694,0,695,0,Plaques,1.0,0.0,1209.7273,1278.6364,11.0,1208.0,1277.0,1213.0,1281.0
695,0,696,0,Plaques,1.0,0.0,1215.0,1277.75,4.0,1214.0,1277.0,1217.0,1279.0
696,0,697,0,Plaques,1.0,0.0,1229.6154,1278.6154,13.0,1228.0,1277.0,1232.0,1281.0
697,0,698,0,Plaques,1.0,0.0,821.0,1278.5,6.0,820.0,1278.0,823.0,1280.0
698,0,699,0,Plaques,1.0,0.0,458.0,1279.5,6.0,457.0,1279.0,460.0,1281.0
699,0,700,0,Plaques,1.0,0.0,1193.0,1280.0,7.0,1192.0,1279.0,1195.0,1282.0
700,0,701,0,Plaques,1.0,0.0,325.0,1281.2858,7.0,324.0,1280.0,327.0,1283.0
701,0,702,0,Plaques,1.0,0.0,1239.5,1280.5,4.0,1239.0,1280.0,1241.0,1282.0
702,0,703,0,Plaques,1.0,0.0,1255.2858,1282.0,7.0,1254.0,1281.0,1257.0,1284.0
703,0,704,0,Plaques,1.0,0.0,340.0,1282.7142,7.0,339.0,1282.0,342.0,1285.0
704,0,705,0,Plaques,1.0,0.0,1223.0,1283.5,6.0,1222.0,1283.0,1225.0,1285.0
705,0,706,0,Plaques,1.0,0.0,1230.5,1284.0,6.0,1230.0,1283.0,1232.0,1286.0
706,0,707,0,Plaques,1.0,0.0,1340.0,1284.2858,7.0,1339.0,1283.0,1342.0,1286.0
707,0,708,0,Plaques,1.0,0.0,1235.4,1285.8,5.0,1235.0,1285.0,1237.0,1288.0
708,0,709,0,Plaques,1.0,0.0,438.0,1286.7142,7.0,437.0,1286.0,440.0,1289.0
709,0,710,0,Plaques,1.0,0.0,1253.5,1286.5,4.0,1253.0,1286.0,1255.0,1288.0
710,0,711,0,Plaques,1.0,0.0,425.0,1289.0,11.0,424.0,1287.0,427.0,1292.0
711,0,712,0,Plaques,1.0,0.0,1003.25,1288.0,4.0,1003.0,1287.0,1005.0,1290.0
712,0,713,0,Plaques,1.0,0.0,1247.2,1287.4,5.0,1246.0,1287.0,1249.0,1289.0
713,0,714,0,Plaques,1.0,0.0,1332.2858,1288.0,7.0,1331.0,1287.0,1334.0,1290.0
714,0,715,0,Plaques,1.0,0.0,1271.0,1289.5,6.0,1270.0,1289.0,1273.0,1291.0
715,0,716,0,Plaques,1.0,0.0,458.23077,1291.7693,13.0,456.0,1290.0,461.0,1294.0
716,0,717,0,Plaques,1.0,0.0,1262.875,1291.125,8.0,1262.0,1290.0,1265.0,1293.0
717,0,718,0,Plaques,1.0,0.0,1321.125,1291.125,8.0,1320.0,1290.0,1323.0,1293.0
718,0,719,0,Plaques,1.0,0.0,766.8,1291.6,5.0,766.0,1291.0,769.0,1293.0
719,0,720,0,Plaques,1.0,0.0,1276.5,1291.5,4.0,1276.0,1291.0,1278.0,1293.0
720,0,721,0,Plaques,1.0,0.0,1300.5,1291.5,4.0,1300.0,1291.0,1302.0,1293.0
721,0,722,0,Plaques,1.0,0.0,1307.3334,1291.6666,3.0,1307.0,1291.0,1309.0,1293.0
722,0,723,0,Plaques,1.0,0.0,1311.125,1293.25,8.0,1310.0,1292.0,1313.0,1296.0
723,0,724,0,Plaques,1.0,0.0,3.5,1293.5,4.0,3.0,1293.0,5.0,1295.0
724,0,725,0,Plaques,1.0,0.0,717.5,1293.5,4.0,717.0,1293.0,719.0,1295.0
725,0,726,0,Plaques,1.0,0.0,1316.6666,1293.6666,3.0,1316.0,1293.0,1318.0,1295.0
726,0,727,0,Plaques,1.0,0.0,1271.0,1294.25,4.0,1270.0,1294.0,1273.0,1296.0
727,0,728,0,Plaques,1.0,0.0,1279.2,1295.0,10.0,1278.0,1294.0,1282.0,1297.0
728,0,729,0,Plaques,1.0,0.0,1284.6666,1295.6666,9.0,1283.0,1294.0,1287.0,1298.0
729,0,730,0,Plaques,1.0,0.0,1303.5,1295.5,4.0,1303.0,1295.0,1305.0,1297.0
730,0,731,0,Plaques,1.0,0.0,268.7143,1300.1072,28.0,266.0,1297.0,272.0,1304.0
731,0,732,0,Plaques,1.0,0.0,1294.5,1297.5,4.0,1294.0,1297.0,1296.0,1299.0
732,0,733,0,Plaques,1.0,0.0,478.2857,1299.0,7.0,477.0,1298.0,480.0,1301.0
733,0,734,0,Plaques,1.0,0.0,1502.9166,1299.5834,12.0,1502.0,1298.0,1505.0,1303.0
734,0,735,0,Plaques,1.0,0.0,1460.125,1302.125,8.0,1459.0,1301.0,1462.0,1304.0
735,0,736,0,Plaques,1.0,0.0,247.5,1303.0,6.0,247.0,1302.0,249.0,1305.0
736,0,737,0,Plaques,1.0,0.0,929.0,1303.0,5.0,928.0,1302.0,931.0,1305.0
737,0,738,0,Plaques,1.0,0.0,984.8,1302.4,5.0,984.0,1302.0,987.0,1304.0
738,0,739,0,Plaques,1.0,0.0,802.2,1305.5,10.0,801.0,1304.0,804.0,1308.0
739,0,740,0,Plaques,1.0,0.0,1468.0,1308.0,9.0,1467.0,1307.0,1470.0,1310.0
740,0,741,0,Plaques,1.0,0.0,1504.5,1308.0,6.0,1504.0,1307.0,1506.0,1310.0
741,0,742,0,Plaques,1.0,0.0,994.3333,1308.3334,3.0,994.0,1308.0,996.0,1310.0
742,0,743,0,Plaques,1.0,0.0,1455.6666,1308.6666,3.0,1455.0,1308.0,1457.0,1310.0
743,0,744,0,Plaques,1.0,0.0,1460.3334,1308.6666,3.0,1460.0,1308.0,1462.0,1310.0
744,0,745,0,Plaques,1.0,0.0,423.0,1310.5,6.0,422.0,1310.0,425.0,1312.0
